run,node,ssh_s,mounted_s,started
1,Rocky-Compute-1,14,172,2026-10-01T15:32:38
1,Rocky-Compute-2,14,172,2026-10-01T15:32:38
1,Rocky-Compute-3,14,172,2026-10-01T15:32:38
1,Rocky-Compute-4,14,172,2026-10-01T15:32:38
1,Rocky-Compute-5,14,172,2026-10-01T15:32:38
1,Rocky-Compute-6,14,172,2026-10-01T15:32:38
1,Rocky-Compute-7,14,172,2026-10-01T15:32:38
1,Rocky-Compute-8,14,172,2026-10-01T15:32:38
1,Rocky-Head-1,14,172,2026-10-01T15:32:38
1,Rocky-Head-2,14,172,2026-10-01T15:32:38
2,Rocky-Compute-1,21,177,2026-10-01T15:39:18
2,Rocky-Compute-2,21,177,2026-10-01T15:39:18
2,Rocky-Compute-3,21,177,2026-10-01T15:39:18
2,Rocky-Compute-4,21,177,2026-10-01T15:39:18
2,Rocky-Compute-5,21,177,2026-10-01T15:39:18
2,Rocky-Compute-6,21,177,2026-10-01T15:39:18
2,Rocky-Compute-7,21,177,2026-10-01T15:39:18
2,Rocky-Compute-8,21,177,2026-10-01T15:39:18
2,Rocky-Head-1,21,177,2026-10-01T15:39:18
2,Rocky-Head-2,21,177,2026-10-01T15:39:18
3,Rocky-Compute-1,14,189,2026-10-01T15:45:56
3,Rocky-Compute-2,14,189,2026-10-01T15:45:56
3,Rocky-Compute-3,14,189,2026-10-01T15:45:56
3,Rocky-Compute-4,14,189,2026-10-01T15:45:56
3,Rocky-Compute-5,14,189,2026-10-01T15:45:56
3,Rocky-Compute-6,14,189,2026-10-01T15:45:56
3,Rocky-Compute-7,14,189,2026-10-01T15:45:56
3,Rocky-Compute-8,14,189,2026-10-01T15:45:56
3,Rocky-Head-1,14,189,2026-10-01T15:45:56
3,Rocky-Head-2,14,189,2026-10-01T15:45:56
