run,started,mode,head1_delay_s,node,boot_s,unit_begin_s,mgs_wait_s,unit_complete_s,poll_mounted_s,fatal_retries,mounted
1,2026-10-01T16:07:56,graceful,10,Rocky-Head-1,248,266,,299,316,0,yes
1,2026-10-01T16:07:56,graceful,10,Rocky-Head-2,94,110,157,304,316,0,yes
1,2026-10-01T16:07:56,graceful,10,Rocky-Compute-1,102,122,145,307,316,0,yes
1,2026-10-01T16:07:56,graceful,10,Rocky-Compute-2,105,121,146,307,316,0,yes
1,2026-10-01T16:07:56,graceful,10,Rocky-Compute-3,112,132,136,306,316,0,yes
1,2026-10-01T16:07:56,graceful,10,Rocky-Compute-4,118,133,133,304,316,0,yes
1,2026-10-01T16:07:56,graceful,10,Rocky-Compute-5,128,144,122,306,316,0,yes
1,2026-10-01T16:07:56,graceful,10,Rocky-Compute-6,129,148,119,307,316,0,yes
1,2026-10-01T16:07:56,graceful,10,Rocky-Compute-7,139,154,112,308,316,0,yes
1,2026-10-01T16:07:56,graceful,10,Rocky-Compute-8,143,163,102,310,316,0,yes
2,2026-10-01T16:15:20,graceful,10,Rocky-Head-1,248,266,,273,286,0,yes
2,2026-10-01T16:15:20,graceful,10,Rocky-Head-2,95,111,156,278,286,0,yes
2,2026-10-01T16:15:20,graceful,10,Rocky-Compute-1,104,120,148,278,286,0,yes
2,2026-10-01T16:15:20,graceful,10,Rocky-Compute-2,107,123,145,278,286,0,yes
2,2026-10-01T16:15:20,graceful,10,Rocky-Compute-3,115,130,136,278,286,0,yes
2,2026-10-01T16:15:20,graceful,10,Rocky-Compute-4,119,134,133,277,286,0,yes
2,2026-10-01T16:15:20,graceful,10,Rocky-Compute-5,125,141,125,277,286,0,yes
2,2026-10-01T16:15:20,graceful,10,Rocky-Compute-6,129,144,122,277,286,0,yes
2,2026-10-01T16:15:20,graceful,10,Rocky-Compute-7,134,150,117,277,286,0,yes
2,2026-10-01T16:15:20,graceful,10,Rocky-Compute-8,140,160,106,277,286,0,yes
1,2026-10-01T16:38:17,graceful,10,Rocky-Head-1,241,258,,291,292,0,yes
1,2026-10-01T16:38:17,graceful,10,Rocky-Head-2,94,110,148,295,314,0,yes
1,2026-10-01T16:38:17,graceful,10,Rocky-Compute-1,102,118,142,293,314,0,yes
1,2026-10-01T16:38:17,graceful,10,Rocky-Compute-2,105,120,140,295,314,0,yes
1,2026-10-01T16:38:17,graceful,10,Rocky-Compute-3,110,125,134,296,314,0,yes
1,2026-10-01T16:38:17,graceful,10,Rocky-Compute-4,114,130,128,296,314,0,yes
1,2026-10-01T16:38:17,graceful,10,Rocky-Compute-5,122,138,121,300,314,0,yes
1,2026-10-01T16:38:17,graceful,10,Rocky-Compute-6,125,145,114,295,314,0,yes
1,2026-10-01T16:38:17,graceful,10,Rocky-Compute-7,129,145,114,299,314,0,yes
1,2026-10-01T16:38:17,graceful,10,Rocky-Compute-8,136,152,106,294,314,0,yes
2,2026-10-01T16:45:59,graceful,10,Rocky-Head-1,248,266,,273,293,0,yes
2,2026-10-01T16:45:59,graceful,10,Rocky-Head-2,93,110,158,281,293,0,yes
2,2026-10-01T16:45:59,graceful,10,Rocky-Compute-1,101,118,149,278,293,0,yes
2,2026-10-01T16:45:59,graceful,10,Rocky-Compute-2,105,121,145,277,293,0,yes
2,2026-10-01T16:45:59,graceful,10,Rocky-Compute-3,112,128,139,277,293,0,yes
2,2026-10-01T16:45:59,graceful,10,Rocky-Compute-4,117,132,135,276,293,0,yes
2,2026-10-01T16:45:59,graceful,10,Rocky-Compute-5,125,144,122,277,293,0,yes
2,2026-10-01T16:45:59,graceful,10,Rocky-Compute-6,129,145,123,277,293,0,yes
2,2026-10-01T16:45:59,graceful,10,Rocky-Compute-7,135,154,113,278,293,0,yes
2,2026-10-01T16:45:59,graceful,10,Rocky-Compute-8,139,155,111,277,293,0,yes
3,2026-10-01T16:53:37,graceful,10,Rocky-Head-1,247,265,,298,305,0,yes
3,2026-10-01T16:53:37,graceful,10,Rocky-Head-2,93,109,156,303,305,0,yes
3,2026-10-01T16:53:37,graceful,10,Rocky-Compute-1,102,118,148,300,305,0,yes
3,2026-10-01T16:53:37,graceful,10,Rocky-Compute-2,104,124,142,298,305,0,yes
3,2026-10-01T16:53:37,graceful,10,Rocky-Compute-3,111,127,139,300,305,0,yes
3,2026-10-01T16:53:37,graceful,10,Rocky-Compute-4,116,131,134,300,305,0,yes
3,2026-10-01T16:53:37,graceful,10,Rocky-Compute-5,123,138,128,299,305,0,yes
3,2026-10-01T16:53:37,graceful,10,Rocky-Compute-6,128,144,122,307,327,0,yes
3,2026-10-01T16:53:37,graceful,10,Rocky-Compute-7,134,150,116,300,305,0,yes
3,2026-10-01T16:53:37,graceful,10,Rocky-Compute-8,138,158,107,299,305,0,yes
1,2026-10-01T17:01:39,graceful,240,Rocky-Head-1,435,452,,459,461,0,yes
1,2026-10-01T17:01:39,graceful,240,Rocky-Head-2,95,110,344,467,483,0,yes
1,2026-10-01T17:01:39,graceful,240,Rocky-Compute-1,103,122,331,464,483,0,yes
1,2026-10-01T17:01:39,graceful,240,Rocky-Compute-2,106,121,333,464,483,0,yes
1,2026-10-01T17:01:39,graceful,240,Rocky-Compute-3,110,126,328,464,483,0,yes
1,2026-10-01T17:01:39,graceful,240,Rocky-Compute-4,116,132,322,464,483,0,yes
1,2026-10-01T17:01:39,graceful,240,Rocky-Compute-5,126,142,311,465,483,0,yes
1,2026-10-01T17:01:39,graceful,240,Rocky-Compute-6,130,146,307,463,483,0,yes
1,2026-10-01T17:01:39,graceful,240,Rocky-Compute-7,136,156,298,464,483,0,yes
1,2026-10-01T17:01:39,graceful,240,Rocky-Compute-8,141,160,293,464,483,0,yes
1,2026-10-01T17:14:36,hard,0,Rocky-Head-1,196,215,,222,233,0,yes
1,2026-10-01T17:14:36,hard,0,Rocky-Head-2,99,115,101,228,233,0,yes
1,2026-10-01T17:14:36,hard,0,Rocky-Compute-1,107,123,93,227,233,0,yes
1,2026-10-01T17:14:36,hard,0,Rocky-Compute-2,111,126,90,227,233,0,yes
1,2026-10-01T17:14:36,hard,0,Rocky-Compute-3,115,134,82,227,233,0,yes
1,2026-10-01T17:14:36,hard,0,Rocky-Compute-4,119,135,81,227,233,0,yes
1,2026-10-01T17:14:36,hard,0,Rocky-Compute-5,129,145,70,230,233,0,yes
1,2026-10-01T17:14:36,hard,0,Rocky-Compute-6,131,147,69,228,233,0,yes
1,2026-10-01T17:14:36,hard,0,Rocky-Compute-7,136,157,59,227,233,0,yes
1,2026-10-01T17:14:36,hard,0,Rocky-Compute-8,140,156,59,228,233,0,yes
2,2026-10-01T17:20:44,hard,0,Rocky-Head-1,199,216,,223,239,0,yes
2,2026-10-01T17:20:44,hard,0,Rocky-Head-2,105,120,97,229,239,0,yes
2,2026-10-01T17:20:44,hard,0,Rocky-Compute-1,113,129,89,228,239,0,yes
2,2026-10-01T17:20:44,hard,0,Rocky-Compute-2,118,137,81,230,239,0,yes
2,2026-10-01T17:20:44,hard,0,Rocky-Compute-3,123,139,79,228,239,0,yes
2,2026-10-01T17:20:44,hard,0,Rocky-Compute-4,129,149,69,227,239,0,yes
2,2026-10-01T17:20:44,hard,0,Rocky-Compute-5,132,147,69,229,239,0,yes
2,2026-10-01T17:20:44,hard,0,Rocky-Compute-6,141,157,60,228,239,0,yes
2,2026-10-01T17:20:44,hard,0,Rocky-Compute-7,142,157,60,229,239,0,yes
2,2026-10-01T17:20:44,hard,0,Rocky-Compute-8,151,166,50,227,239,0,yes
1,2026-10-01T17:31:57,hard,0,Rocky-Head-1,195,216,,223,245,0,yes
1,2026-10-01T17:31:57,hard,0,Rocky-Head-2,99,116,103,230,245,0,yes
1,2026-10-01T17:31:57,hard,0,Rocky-Compute-1,107,124,94,227,245,0,yes
1,2026-10-01T17:31:57,hard,0,Rocky-Compute-2,111,127,91,229,245,0,yes
1,2026-10-01T17:31:57,hard,0,Rocky-Compute-3,118,134,85,229,245,0,yes
1,2026-10-01T17:31:57,hard,0,Rocky-Compute-4,123,143,75,228,245,0,yes
1,2026-10-01T17:31:57,hard,0,Rocky-Compute-5,131,147,71,229,245,0,yes
1,2026-10-01T17:31:57,hard,0,Rocky-Compute-6,138,158,59,231,245,0,yes
1,2026-10-01T17:31:57,hard,0,Rocky-Compute-7,143,162,56,228,245,0,yes
1,2026-10-01T17:31:57,hard,0,Rocky-Compute-8,144,159,58,230,245,0,yes
2,2026-10-01T17:45:20,hard,0,Rocky-Head-1,193,215,,254,265,0,yes
2,2026-10-01T17:45:20,hard,0,Rocky-Head-2,99,115,101,235,243,0,yes
2,2026-10-01T17:45:20,hard,0,Rocky-Compute-1,107,127,89,240,243,0,yes
2,2026-10-01T17:45:20,hard,0,Rocky-Compute-2,114,130,86,238,243,0,yes
2,2026-10-01T17:45:20,hard,0,Rocky-Compute-3,115,130,85,247,265,0,yes
2,2026-10-01T17:45:20,hard,0,Rocky-Compute-4,119,139,76,250,265,0,yes
2,2026-10-01T17:45:20,hard,0,Rocky-Compute-5,127,143,72,248,265,0,yes
2,2026-10-01T17:45:20,hard,0,Rocky-Compute-6,134,150,64,249,265,0,yes
2,2026-10-01T17:45:20,hard,0,Rocky-Compute-7,134,150,65,235,243,0,yes
2,2026-10-01T17:45:20,hard,0,Rocky-Compute-8,145,165,50,249,265,0,yes
